id,name,org_type,phone_num
0,johnson plumbing corp.,Physician,9499625246
1,johnson motors limited,Registered Nurse,9498227977
2,moore restaurants incorporated,Driver,7135500431
3,young engineering incorporated,Truck Driver,3128204518
4,walker plumbing corp.,Specialist,3101060005
5,moore restaurants corp.,Assistant,3054244939
6,thomas plumbing company,Associate,4044626256
7,garcia motors incorporated,Supervisor,9496678640
8,anderson engineering llc,Physician,3055688536
9,king engineering organization,Customer Service,4154390270
10,martinez motors llc,Analyst,7136115224
11,king motors group,Assistant,9492480154
12,martin restaurants company,Specialist,7025152668
13,miller restaurants limited,Supervisor,9493993547
14,lewis engineering corp.,Engineer,7139641842
15,lee plumbing llc,Registered Nurse,3052688104
16,allen engineering group,Sales,2122083808
17,harris plumbing incorporated,Supervisor,2123867149
18,brown plumbing corporation,Nurse,4158756609
19,walker services limited,Analyst,3059976446
20,hernandez restaurants corporation,Driver,9493320195
21,white engineering company,Travel,4152968912
22,martin motors corp.,Director,3125747554
23,williams restaurants corporation,Registered Nurse,2127404927
24,harris motors company,Technician,4042397625
25,moore services organization,Assistant,7136915781
26,allen plumbing organization,Technician,4159611330
27,king motors incorporated,Driver,4045872400
28,young motors corporation,Specialist,7027294993
29,williams engineering corp.,Physician,2128327553
30,jones services limited,Sales Associate,7028140108
31,thomas plumbing corporation,Manager,7026083165
32,moore engineering limited,Physician,7134758768
33,garcia services llc,Sales,2022653913
34,williams engineering incorporated,Driver,7137855763
35,rodriguez motors organization,Nursing,3105966436
36,king engineering corporation,Driver,3056325000
37,thompson restaurants organization,Supervisor,2024413709
38,smith services incorporated,Truck Driver,3104747677
39,walker electrical limited,Sales,2024334807
40,anderson engineering incorporated,Nurse,4154914357
41,miller electrical llc,Driver,3108533988
42,jones services company,Analyst,2126624529
43,hall motors corp.,Assistant,3105271619
44,robinson engineering llc,Engineer,3126226888
45,hernandez electrical incorporated,Associate,2128879524
46,johnson services llc,Truck Driver,9492527475
47,harris engineering group,Travel,4046477095
48,thomas electrical corporation,Specialist,3105298788
49,rodriguez services incorporated,Supervisor,2021793171
50,rodriguez engineering group,Supervisor,2121452157
51,hernandez engineering limited,Nursing,2121314693
52,moore plumbing corporation,Manager,2023921963
53,moore electrical company,Travel,3104817882
54,martin engineering organization,Customer Service,7132645219
55,hall motors group,Nurse,7028130359
56,hernandez electrical llc,Customer Service,4156736841
57,lewis engineering corp.,Physician,3127217424
58,jones plumbing organization,Customer Service,4042341757
59,jackson engineering llc,Driver,7139900297
60,lewis motors corp.,Physician,4154842267
61,king electrical organization,Travel,3102629850
62,smith restaurants organization,Supervisor,7135841992
63,king engineering incorporated,Representative,3056108554
64,anderson motors group,Representative,2121977563
65,allen services corp.,Nurse,4157179762
66,lewis services limited,Representative,2129218952
67,jones electrical llc,Supervisor,4043598011
68,jones engineering group,Assistant,7021586596
69,king services group,Analyst,7133080533
70,wilson motors llc,Physician,3103885800
71,lee plumbing incorporated,Travel,9494912433
72,allen restaurants company,Physician,2021961664
73,walker restaurants corporation,Assistant,4042869681
74,wilson motors group,Truck Driver,3128226865
75,davis restaurants corporation,Sales Associate,7133542646
76,johnson motors group,Driver,3105293725
77,anderson electrical company,Specialist,9499397070
78,lee services limited,Supervisor,4046696215
79,thompson services limited,Sales Associate,9497866328
80,anderson motors limited,Registered Nurse,3104248848
81,robinson services corporation,Customer Service,4045268532
82,johnson plumbing llc,Technician,3123377194
83,moore motors incorporated,Manager,9497904692
84,hernandez motors llc,Associate,7138669290
85,anderson restaurants corporation,Sales,3127695622
86,taylor services llc,Representative,4155216112
87,garcia services llc,Sales,2029054061
88,hall engineering llc,Customer Service,4041712854
89,allen engineering corp.,Sales Associate,3107020242
90,garcia services incorporated,Analyst,3059424944
91,king electrical limited,Sales Associate,3056564624
92,moore engineering llc,Representative,2129848466
93,hall motors limited,Nurse,2128331316
94,thompson motors incorporated,Customer Service,9496777194
95,clark restaurants corporation,Director,3124794304
96,hernandez restaurants incorporated,Nursing,3057455955
97,jones plumbing corp.,Driver,7139495522
98,white electrical group,Nursing,7137152444
99,wilson electrical company,Sales,2021758581
100,brown engineering llc,Analyst,4158988888
101,harris restaurants incorporated,Associate,3101686068
102,martinez motors corp.,Truck Driver,2129290770
103,garcia motors incorporated,Director,4049005074
104,young motors corp.,Supervisor,7023682824
105,martin motors corp.,Engineer,7136153761
106,moore plumbing corp.,Driver,7022772073
107,anderson motors limited,Physician,4049728287
108,miller motors company,Assistant,3127050530
109,lewis engineering organization,Driver,4152395071
110,johnson motors group,Supervisor,4152551611
111,martin motors limited,Registered Nurse,3053791856
112,moore engineering llc,Registered Nurse,4049894191
113,king electrical corp.,Truck Driver,7025975518
114,wilson engineering organization,Registered Nurse,3055152593
115,robinson restaurants group,Technician,7021060689
116,jackson electrical organization,Representative,3054640186
117,miller plumbing organization,Driver,4045500945
118,martinez restaurants limited,Representative,7139758724
119,hall motors corp.,Manager,7023088284
120,wilson engineering llc,Supervisor,4155914877
121,garcia plumbing incorporated,Nurse,3058767956
122,anderson motors corporation,Supervisor,9492155770
123,thompson services incorporated,Truck Driver,9496260101
124,jackson restaurants company,Representative,3122793131
125,hall electrical corp.,Truck Driver,4152347165
126,thomas services organization,Customer Service,4049172463
127,thomas motors corp.,Specialist,9498077075
128,martinez plumbing group,Supervisor,3059344883
129,wilson electrical limited,Associate,7021578526
130,hernandez motors limited,Driver,2029717193
131,johnson restaurants corporation,Associate,2029641626
132,hernandez motors corporation,Director,3124124129
133,smith plumbing organization,Driver,3108429507
134,king plumbing corporation,Customer Service,2025972008
135,jones engineering llc,Nursing,7025118371
136,king motors group,Technician,4151592001
137,thomas electrical company,Driver,7025711707
138,johnson services company,Assistant,3105301469
139,allen electrical limited,Truck Driver,4155593235
140,smith engineering limited,Technician,2028143267
141,garcia services limited,Sales Associate,2022020470
142,clark electrical company,Associate,2123653869
143,miller engineering llc,Sales Associate,7028599880
144,brown restaurants organization,Truck Driver,2122442767
145,clark plumbing group,Specialist,2029423546
146,miller motors corp.,Engineer,2029446697
147,rodriguez electrical company,Representative,3101775459
148,king electrical organization,Truck Driver,3052094644
149,robinson services group,Customer Service,3103448558
150,clark engineering corporation,Analyst,3056164354
151,moore services limited,Sales Associate,3123019155
152,jones electrical company,Specialist,4049372814
153,anderson engineering llc,Analyst,7027387701
154,king motors llc,Associate,4045359760
155,martin plumbing corp.,Director,3052273880
156,smith engineering company,Specialist,2021253090
157,hall services corp.,Specialist,2022239674
158,walker engineering organization,Physician,3107063002
159,hernandez restaurants limited,Director,2024009431
160,young services llc,Registered Nurse,4152223962
161,johnson motors incorporated,Technician,2129533427
162,lewis engineering organization,Registered Nurse,9499042758
163,williams motors group,Customer Service,9496905081
164,rodriguez services limited,Nursing,2025382106
165,hall services organization,Assistant,7137103316
166,lee motors organization,Nursing,3122960998
167,garcia restaurants company,Driver,7139238456
168,brown engineering corporation,Representative,2024761360
169,allen services corp.,Associate,7028573299
170,smith motors corp.,Technician,7137058727
171,walker engineering group,Truck Driver,3128081704
172,smith restaurants incorporated,Specialist,4158916287
173,jackson restaurants llc,Nurse,7029429931
174,martinez plumbing corporation,Truck Driver,3051489113
175,thompson engineering group,Engineer,7131243915
176,thompson electrical llc,Nurse,7134851710
177,allen restaurants corporation,Engineer,7029804066
178,thomas electrical group,Assistant,3122746684
179,williams engineering incorporated,Technician,2021578680
180,thompson motors llc,Travel,4041298857
181,davis restaurants company,Engineer,3106947102
182,jackson services limited,Director,3103261077
183,hall plumbing incorporated,Manager,3102221172
184,martinez engineering corporation,Specialist,7029822246
185,martinez services group,Travel,7029710554
186,clark electrical llc,Registered Nurse,9493818120
187,hall plumbing group,Travel,3123864206
188,brown plumbing incorporated,Customer Service,7026013450
189,young plumbing corp.,Customer Service,3053682708
190,thomas electrical corporation,Analyst,9498385935
191,brown restaurants group,Driver,3104685641
192,white electrical llc,Supervisor,2024186189
193,davis motors llc,Truck Driver,4048278339
194,hall plumbing corp.,Technician,9493826435
195,allen services company,Supervisor,7134805426
196,miller engineering corporation,Director,7026087161
197,taylor engineering group,Manager,4154148135
198,lee motors corporation,Director,3103014873
199,lewis services corp.,Sales Associate,7138399617
200,hall motors incorporated,Specialist,3108905119
201,lee plumbing llc,Driver,3056354471
202,martin engineering llc,Associate,4049333451
203,moore engineering limited,Travel,7132125171
204,young restaurants limited,Analyst,2028193063
205,anderson engineering organization,Customer Service,4043510269
206,clark restaurants organization,Customer Service,3121199260
207,lewis engineering corporation,Nursing,7028808498
208,wilson restaurants group,Supervisor,2021740556
209,hernandez engineering company,Physician,3124927811
210,williams plumbing company,Director,7026011279
211,rodriguez restaurants group,Physician,4047854926
212,taylor electrical company,Representative,2022115087
213,garcia plumbing corp.,Technician,3105672212
214,allen plumbing corporation,Sales,7028501800
215,thompson plumbing organization,Director,3127853689
216,walker services corp.,Assistant,3126390459
217,clark motors organization,Director,3129205796
218,moore services corporation,Physician,3124963150
219,king plumbing limited,Analyst,7139247303
220,jackson engineering incorporated,Assistant,7021087365
221,harris restaurants organization,Physician,2122120775
222,jones engineering company,Sales Associate,9495739578
223,wilson services incorporated,Technician,3109936489
224,davis restaurants company,Driver,4157854669
225,anderson electrical company,Manager,7021357275
226,allen engineering limited,Director,7138242167
227,taylor plumbing llc,Nurse,7021266871
228,davis plumbing limited,Specialist,9498045437
229,garcia electrical corp.,Representative,3053895310
230,lee restaurants organization,Nurse,3101507348
231,hall motors group,Engineer,3128884119
232,king plumbing llc,Truck Driver,7023559821
233,jones engineering incorporated,Travel,9492921011
234,lewis plumbing corp.,Engineer,7137889213
235,jones services group,Supervisor,4041287647
236,allen services limited,Registered Nurse,4041654422
237,lee restaurants company,Physician,2126456343
238,smith motors corporation,Manager,3105554457
239,robinson motors corporation,Manager,9499074036
240,williams motors corp.,Manager,3124780555
241,hall services organization,Associate,3126982182
242,robinson services group,Sales Associate,3105687791
243,young restaurants llc,Nursing,3108161429
244,thomas services limited,Sales Associate,2025559333
245,young plumbing corp.,Nursing,7135179186
246,garcia plumbing limited,Analyst,3102304719
247,martin restaurants corp.,Manager,7021593453
248,robinson services group,Specialist,3103340972
249,young motors group,Analyst,7134903939
250,white motors corp.,Travel,7131833561
251,hernandez engineering group,Travel,4048941424
252,allen services corp.,Registered Nurse,4151798792
253,jackson motors limited,Sales,4155901685
254,brown plumbing corp.,Technician,2122278045
255,young electrical incorporated,Sales,7138404165
256,allen electrical corporation,Sales,2023303872
257,garcia electrical group,Director,4153363823
258,martinez services corp.,Associate,4044914103
259,taylor electrical company,Associate,7132972776
260,walker electrical group,Representative,3122704757
261,clark motors corp.,Truck Driver,9498330992
262,martin electrical corp.,Engineer,3102634217
263,young electrical llc,Specialist,3129107347
264,smith plumbing llc,Travel,3108106604
265,robinson electrical group,Physician,4152670852
266,white plumbing corp.,Nursing,7131147441
267,martinez restaurants limited,Representative,4152778181
268,thompson motors llc,Engineer,4154241814
269,martin services incorporated,Registered Nurse,4153324668
270,lee plumbing organization,Physician,7131168079
271,hernandez services limited,Registered Nurse,4151900373
272,wilson engineering limited,Specialist,4043381601
273,wilson plumbing corporation,Truck Driver,9495952826
274,white engineering limited,Assistant,3059186003
275,hernandez motors company,Truck Driver,2024474783
276,smith engineering llc,Assistant,3126300699
277,young plumbing group,Specialist,3107033213
278,thomas services corp.,Supervisor,3052313342
279,moore motors corp.,Travel,4045974756
280,rodriguez electrical group,Assistant,3106084051
281,hernandez plumbing corp.,Driver,4045553066
282,king restaurants corp.,Specialist,7023219833
283,allen engineering group,Associate,7022516497
284,smith motors incorporated,Sales,2122754388
285,lewis motors organization,Director,4152718760
286,clark motors corporation,Engineer,3102294742
287,clark restaurants group,Sales Associate,7023061160
288,jackson electrical limited,Nurse,3123810475
289,thomas electrical organization,Physician,4042580549
290,jones engineering company,Analyst,4047399663
291,taylor motors incorporated,Physician,7136564386
292,hall motors llc,Physician,7138068486
293,lewis motors organization,Travel,4047162484
294,young motors llc,Assistant,4046619249
295,hernandez motors llc,Specialist,9494086939
296,thomas engineering llc,Truck Driver,2024311659
297,lewis electrical corporation,Manager,4157571106
298,young services company,Manager,7134252174
299,smith services company,Nursing,2127758431
300,thompson electrical incorporated,Engineer,4156990200
301,king services corporation,Truck Driver,2128719575
302,hernandez electrical organization,Registered Nurse,2126056211
303,johnson services corp.,Sales,2128706559
304,garcia services incorporated,Travel,7029436213
305,anderson services llc,Director,2123717371
306,king electrical company,Associate,7139478542
307,wilson restaurants group,Sales Associate,2024280764
308,johnson plumbing corp.,Engineer,2026376315
309,jackson motors corporation,Nurse,9492984491
310,moore electrical limited,Supervisor,9494490492
311,white engineering incorporated,Physician,3059427981
312,anderson restaurants group,Travel,4155424723
313,clark restaurants organization,Technician,4155317073
314,king electrical group,Specialist,7026012057
315,garcia services corp.,Assistant,3121768687
316,taylor restaurants corp.,Sales Associate,7136820053
317,miller engineering llc,Driver,2123061023
318,brown engineering incorporated,Truck Driver,2026693414
319,allen engineering organization,Sales Associate,7135316708
320,williams electrical incorporated,Technician,4153244995
321,hall electrical company,Assistant,3108068036
322,jones services limited,Customer Service,7026682462
323,smith plumbing organization,Customer Service,3101753561
324,allen motors corporation,Analyst,3125030582
325,robinson services llc,Director,7021390722
326,williams motors incorporated,Registered Nurse,7028758481
327,taylor restaurants organization,Analyst,3057528494
328,martin restaurants limited,Associate,7136241272
329,martinez motors corporation,Physician,2023002749
330,allen services llc,Driver,3055906646
331,rodriguez electrical limited,Assistant,2122829292
332,miller restaurants corporation,Nurse,3056520782
333,thomas motors corporation,Customer Service,3123379731
334,hall plumbing organization,Associate,3052624975
335,thompson electrical organization,Representative,2021215468
336,thomas plumbing llc,Nurse,7138012420
337,davis electrical organization,Representative,7139887507
338,hall restaurants corp.,Nurse,4154542932
339,young motors corporation,Nurse,2021963895
340,davis services company,Engineer,3125338707
341,hernandez electrical corporation,Travel,9494457680
342,lewis restaurants limited,Registered Nurse,3123996115
343,clark plumbing llc,Nursing,7028992280
344,williams services corporation,Physician,2027019276
345,anderson restaurants organization,Truck Driver,7132597275
346,robinson electrical incorporated,Manager,3057462878
347,allen motors group,Registered Nurse,9497799171
348,king electrical company,Nursing,2128530241
349,hernandez services organization,Specialist,3106229648
350,hall plumbing llc,Sales Associate,3108054638
351,harris electrical corporation,Nursing,3127777796
352,martin engineering incorporated,Supervisor,4048291738
353,hernandez restaurants company,Supervisor,4042005963
354,williams engineering corporation,Driver,2028003165
355,miller restaurants group,Nurse,4151442821
356,lee motors group,Supervisor,4049610569
357,harris restaurants llc,Supervisor,7027492884
358,moore electrical corp.,Supervisor,3125768791
359,miller restaurants organization,Analyst,4159566459
360,lewis electrical corporation,Nurse,4045576118
361,brown plumbing corporation,Manager,7029569717
362,hernandez electrical corp.,Manager,3058594424
363,young plumbing group,Engineer,3106626780
364,robinson plumbing company,Supervisor,3056296991
365,clark electrical llc,Travel,4047923885
366,moore motors group,Nursing,2021461511
367,martinez engineering company,Technician,4047178359
368,walker restaurants incorporated,Representative,9497296664
369,moore motors incorporated,Assistant,4154975393
370,johnson electrical limited,Travel,4154110971
371,clark electrical limited,Driver,3103294213
372,jackson motors limited,Associate,2121384029
373,johnson services llc,Travel,4157090506
374,hall services corp.,Driver,2029639678
375,lee services corp.,Technician,4043842885
376,martinez motors company,Supervisor,3101445766
377,harris restaurants limited,Nurse,4153782515
378,hall engineering company,Truck Driver,7139456860
379,robinson restaurants organization,Supervisor,2025594100
380,moore engineering corp.,Truck Driver,2026593591
381,smith electrical llc,Sales Associate,9494793956
382,walker services llc,Nurse,2022522419
383,brown engineering llc,Registered Nurse,3103507192
384,miller plumbing organization,Truck Driver,4043917690
385,taylor motors corporation,Associate,4044600384
386,young services limited,Supervisor,3059037045
387,martin plumbing corp.,Director,4047733813
388,robinson engineering corporation,Sales Associate,3109026753
389,white motors corp.,Associate,7023259027
390,wilson plumbing limited,Specialist,7027943312
391,williams motors corp.,Nursing,9494181601
392,martinez plumbing limited,Specialist,4042363195
393,walker electrical company,Engineer,3102568981
394,brown motors company,Customer Service,7139977070
395,walker motors group,Driver,2022984685
396,white engineering corp.,Customer Service,4154322521
397,lewis motors incorporated,Representative,3051416031
398,martinez plumbing llc,Supervisor,3129596830
399,johnson engineering corp.,Director,7136874332
400,taylor plumbing llc,Sales,7029981432
401,davis restaurants organization,Specialist,4155930242
402,lee electrical corporation,Technician,9498828042
403,moore restaurants corporation,Physician,7026436401
404,jackson restaurants group,Manager,4046545181
405,miller services incorporated,Associate,4047021368
406,white electrical corporation,Physician,4047118270
407,taylor engineering organization,Truck Driver,4048179848
408,garcia electrical limited,Registered Nurse,2125676598
409,lee plumbing incorporated,Specialist,3053680978
410,miller restaurants company,Registered Nurse,7134386259
411,hernandez plumbing llc,Technician,4041641155
412,lewis engineering company,Supervisor,7024293187
413,white plumbing incorporated,Sales,9492766593
414,thomas services incorporated,Specialist,9497921732
415,clark engineering incorporated,Analyst,4047975523
416,williams electrical llc,Sales,4045023263
417,hernandez plumbing company,Driver,4045472537
418,white electrical company,Registered Nurse,7023122462
419,clark plumbing corporation,Sales Associate,4041306411
420,robinson plumbing organization,Truck Driver,3125457562
421,hernandez services company,Manager,7136388387
422,young restaurants incorporated,Assistant,2124246289
423,lewis engineering company,Associate,3056434749
424,allen restaurants company,Engineer,9496780037
425,lee motors llc,Specialist,9493130557
426,king electrical corporation,Truck Driver,3059420712
427,miller plumbing company,Manager,3056103246
428,clark electrical incorporated,Representative,3105704209
429,davis motors organization,Nurse,2023098693
430,harris engineering organization,Supervisor,7022479410
431,harris plumbing organization,Sales Associate,4155883671
432,robinson electrical group,Manager,9492433145
433,williams motors llc,Engineer,9495601491
434,johnson services corporation,Nurse,4045265430
435,johnson restaurants incorporated,Nurse,3123898637
436,martin services limited,Truck Driver,4159981189
437,young motors corp.,Associate,3109584638
438,jones engineering limited,Driver,3053979994
439,king services group,Truck Driver,7026341126
440,johnson motors company,Director,2124599378
441,allen restaurants incorporated,Representative,7025902863
442,jones plumbing corporation,Engineer,2125248530
443,williams plumbing corporation,Associate,4151390141
444,walker engineering group,Associate,9492339864
445,moore motors organization,Director,2126857870
446,wilson electrical incorporated,Truck Driver,3105367943
447,lewis plumbing organization,Registered Nurse,3106612620
448,jones restaurants corporation,Technician,3125186910
449,thomas motors incorporated,Associate,4045641852
450,jones motors corp.,Physician,7025457340
451,king restaurants corp.,Associate,3053009510
452,thompson electrical llc,Assistant,3103608983
453,williams services group,Supervisor,4153675506
454,taylor restaurants organization,Technician,3121496761
455,brown motors limited,Associate,9493227646
456,thompson services corporation,Sales,7022166292
457,jackson services company,Customer Service,3128721925
458,thompson engineering llc,Nurse,3101368214
459,white engineering limited,Nurse,7136464964
460,davis services llc,Manager,9493457131
461,brown electrical limited,Supervisor,2029245130
462,anderson motors llc,Physician,7028243620
463,hernandez restaurants company,Physician,4049477028
464,clark services incorporated,Technician,2023718096
465,smith plumbing corp.,Sales Associate,3108618936
466,jackson restaurants incorporated,Sales Associate,2125271830
467,smith plumbing company,Travel,3127188185
468,taylor electrical llc,Customer Service,7133055134
469,smith restaurants limited,Travel,3121534219
470,hall engineering corp.,Engineer,3127402912
471,garcia motors incorporated,Associate,2124187452
472,harris plumbing group,Technician,4045822084
473,jones services llc,Customer Service,7138630978
474,thomas services corp.,Associate,3121581196
475,king plumbing company,Truck Driver,3128099297
476,taylor electrical limited,Sales,7022205412
477,lee motors company,Customer Service,2024329757
478,white restaurants llc,Representative,4041730449
479,davis motors group,Analyst,7134413642
480,brown electrical limited,Driver,7022080136
481,king restaurants corporation,Manager,3121658358
482,martin electrical corporation,Engineer,3106755013
483,hall services llc,Supervisor,7132318857
484,davis electrical limited,Travel,4158864897
485,robinson motors limited,Truck Driver,3053595752
486,smith services company,Technician,4154075807
487,wilson engineering llc,Technician,2027948822
488,moore plumbing limited,Driver,3122880768
489,jones engineering company,Travel,9491496803
490,clark electrical group,Associate,2123100161
491,lewis services group,Physician,4151549128
492,taylor electrical llc,Manager,7139675253
493,martin motors company,Technician,7133749773
494,thompson engineering group,Nursing,2022980631
495,king plumbing company,Analyst,2023325830
496,taylor electrical company,Sales,3125062721
497,martinez restaurants group,Sales Associate,7138009933
498,young services corporation,Registered Nurse,4154010241
499,jackson restaurants company,Travel,4157735390
500,young plumbing corporation,Customer Service,4151081318
501,white electrical limited,Travel,7023279095
502,lewis restaurants organization,Representative,3105962367
503,white services company,Director,4155109823
504,anderson motors corporation,Supervisor,9494597425
505,young electrical organization,Driver,3051472035
506,robinson motors group,Travel,2125145437
507,allen engineering incorporated,Director,7132430468
508,garcia engineering company,Travel,2126827368
509,moore motors company,Representative,9497656384
510,miller services corporation,Associate,2127468658
511,johnson motors llc,Manager,7131772897
512,taylor restaurants incorporated,Physician,3101445067
513,martinez motors group,Sales,4049864183
514,lee restaurants limited,Driver,7025537511
515,brown electrical corp.,Truck Driver,7021230643
516,clark motors corporation,Representative,9494805166
517,miller plumbing corp.,Representative,4044164190
518,white plumbing company,Nursing,7131306894
519,white electrical limited,Sales,2121501687
520,harris motors group,Nurse,7138363682
521,walker motors company,Specialist,3058613158
522,walker restaurants llc,Supervisor,9498550136
523,jones motors organization,Associate,3126984300
524,garcia plumbing corp.,Truck Driver,7136532321
525,walker motors company,Representative,7132566813
526,allen plumbing limited,Analyst,2023243099
527,robinson engineering corporation,Sales,4049468544
528,williams services company,Sales,3052961563
529,martinez services incorporated,Sales Associate,3059090893
530,davis motors company,Engineer,2025994852
531,martin engineering organization,Travel,4044814983
532,walker services limited,Supervisor,4044616163
533,thomas motors group,Travel,9494857385
534,wilson restaurants llc,Nurse,9494039798
535,lee motors group,Sales Associate,2022463537
536,moore services llc,Travel,9495221486
537,lee engineering incorporated,Technician,7134136030
538,martin plumbing group,Technician,2023330499
539,harris engineering company,Truck Driver,3122589734
540,wilson restaurants organization,Registered Nurse,3059590718
541,garcia restaurants limited,Specialist,7028954511
542,thompson services llc,Specialist,2028707697
543,lee plumbing llc,Truck Driver,9496207965
544,hall motors limited,Truck Driver,7137569020
545,martinez plumbing llc,Customer Service,9493032688
546,robinson engineering group,Sales,3059246280
547,white services llc,Travel,3121944949
548,brown services limited,Technician,3053981587
549,taylor services limited,Nursing,2121600589
550,miller engineering group,Driver,7028988460
551,walker motors group,Sales Associate,7029544754
552,hall motors llc,Driver,7029633912
553,miller restaurants llc,Nursing,3056562050
554,moore services organization,Associate,7028324078
555,anderson engineering organization,Nursing,9492301540
556,wilson engineering llc,Representative,2122314731
557,harris engineering corporation,Representative,2028581192
558,young restaurants group,Driver,9497895424
559,wilson motors corporation,Assistant,3126994985
560,miller engineering llc,Technician,2129098117
561,brown motors llc,Supervisor,2026817796
562,smith restaurants company,Analyst,2123952617
563,jones services incorporated,Registered Nurse,3058681521
564,miller restaurants company,Manager,9491192647
565,williams plumbing corp.,Technician,2026396265
566,robinson plumbing organization,Customer Service,2025419493
567,thompson services group,Physician,7133211622
568,williams plumbing incorporated,Physician,2029801148
569,moore electrical corp.,Nursing,7137545797
570,hall plumbing llc,Physician,3101704748
571,martin services corp.,Driver,4154712078
572,jones motors corporation,Specialist,7138071262
573,walker plumbing llc,Nurse,4152344552
574,harris electrical llc,Specialist,4156889591
575,jones motors llc,Nurse,2127806973
576,hall plumbing corporation,Analyst,7024758861
577,lee engineering group,Driver,7133313036
578,harris engineering organization,Specialist,3106384867
579,wilson electrical group,Sales,4042668376
580,walker plumbing limited,Driver,9493677094
581,moore plumbing organization,Supervisor,4048420352
582,williams plumbing llc,Customer Service,4046632419
583,moore services group,Travel,2021197740
584,moore motors limited,Physician,2022784105
585,young motors group,Registered Nurse,4045046784
586,brown services limited,Sales,7022347127
587,thompson motors corporation,Director,3106374239
588,miller engineering corporation,Director,9498581483
589,wilson engineering organization,Assistant,3057994309
590,robinson services corp.,Registered Nurse,2121172828
591,robinson services corporation,Manager,3108394158
592,allen electrical limited,Assistant,2124950333
593,johnson electrical company,Technician,9493060548
594,allen electrical incorporated,Nursing,4154530340
595,thompson restaurants corporation,Supervisor,2129351973
596,miller restaurants llc,Assistant,7024168750
597,williams electrical llc,Supervisor,7131346024
598,moore engineering corporation,Manager,2025609917
599,allen plumbing company,Engineer,4153751309
600,taylor services organization,Associate,2128506665
601,anderson restaurants limited,Nurse,7028582452
602,martinez engineering incorporated,Associate,7135155572
603,williams plumbing llc,Physician,9499968053
604,king plumbing group,Registered Nurse,3105600642
605,wilson electrical corporation,Director,3125511316
606,jackson plumbing organization,Assistant,9495536697
607,lee electrical limited,Director,9491685864
608,clark electrical organization,Customer Service,9492214726
609,walker engineering llc,Analyst,3052595605
610,allen plumbing group,Analyst,7022436762
611,miller electrical company,Sales Associate,7026519512
612,allen engineering organization,Manager,3053344554
613,thompson engineering corporation,Driver,7135589747
614,allen electrical limited,Truck Driver,9494091818
615,young restaurants incorporated,Travel,7023218702
616,moore motors incorporated,Physician,3101875646
617,robinson engineering incorporated,Analyst,3102858202
618,hernandez plumbing group,Specialist,3128542062
619,king engineering incorporated,Travel,3123274365
620,clark services organization,Supervisor,4049372285
621,hernandez plumbing incorporated,Manager,7136749036
622,jones motors incorporated,Associate,4157427944
623,wilson motors limited,Physician,9495813008
624,wilson plumbing company,Analyst,2126696736
625,miller plumbing limited,Associate,3054641613
626,walker motors company,Director,2125753934
627,white services corporation,Nursing,4155986239
628,jones electrical organization,Assistant,4046518221
629,jones motors limited,Customer Service,7028781023
630,rodriguez services limited,Director,4045723624
631,johnson services company,Driver,4044943004
632,taylor electrical corp.,Nursing,3101578764
633,wilson motors limited,Technician,3128720055
634,robinson motors organization,Travel,7136141461
635,allen engineering corp.,Analyst,3126662608
636,miller engineering company,Engineer,2023805955
637,jackson engineering incorporated,Technician,4049654752
638,hall plumbing corporation,Registered Nurse,2128395514
639,harris electrical company,Sales Associate,3122169060
640,hernandez restaurants llc,Representative,3106422768
641,wilson restaurants organization,Director,3123331137
642,white engineering group,Travel,4048994901
643,brown motors company,Associate,3051943984
644,young plumbing corp.,Associate,2024289716
645,hall restaurants corp.,Sales Associate,3054511799
646,lee engineering incorporated,Customer Service,3056720615
647,miller electrical corporation,Physician,2026044676
648,davis motors organization,Director,3059653699
649,walker restaurants incorporated,Representative,2128498822
650,king electrical llc,Driver,7138451270
651,lewis engineering company,Truck Driver,4155158772
652,taylor electrical incorporated,Associate,4042291427
653,thomas services limited,Director,3124582688
654,king services organization,Manager,4043764022
655,white motors company,Truck Driver,7136151694
656,thomas motors limited,Physician,7137110593
657,lee restaurants limited,Engineer,3108688036
658,jones restaurants incorporated,Sales,7134183746
659,jackson services company,Assistant,3128573056
660,hernandez motors llc,Physician,9494419778
661,hernandez electrical group,Supervisor,3127595969
662,king motors corporation,Specialist,7024745616
663,lee plumbing corporation,Analyst,7029601021
664,king electrical incorporated,Registered Nurse,4151613609
665,thomas electrical limited,Director,2022369632
666,wilson motors corp.,Truck Driver,4042654153
667,johnson services llc,Truck Driver,9493587693
668,anderson plumbing corporation,Analyst,7029525618
669,allen plumbing organization,Sales,3052421202
670,thompson plumbing company,Physician,4042549965
671,taylor restaurants limited,Travel,9497636684
672,taylor engineering corp.,Registered Nurse,2129103834
673,martin restaurants company,Driver,4045877868
674,allen services limited,Nurse,7028531313
675,white engineering corporation,Nursing,3128299315
676,wilson electrical limited,Manager,3056779931
677,thomas restaurants limited,Associate,7139292162
678,harris services incorporated,Director,3129692335
679,lewis restaurants group,Travel,4047502704
680,jones electrical corporation,Specialist,4151382741
681,lee services limited,Supervisor,7134214846
682,brown plumbing llc,Sales,9495849452
683,martin motors llc,Sales,3122169834
684,taylor engineering incorporated,Technician,9498753087
685,smith services incorporated,Representative,4154942445
686,lewis electrical company,Nursing,3058152385
687,allen motors llc,Specialist,4041619583
688,wilson engineering incorporated,Registered Nurse,2022642694
689,moore motors limited,Customer Service,4046919383
690,clark engineering corporation,Associate,2127923702
691,lewis motors organization,Representative,3122037696
692,harris restaurants group,Sales,2028673455
693,white services corporation,Assistant,9497461639
694,garcia services company,Representative,2027495958
695,garcia restaurants corporation,Manager,4047652309
696,jones restaurants corporation,Sales Associate,3127278936
697,walker services group,Driver,4043323461
698,white services incorporated,Representative,2125035199
699,jackson motors organization,Travel,2125671520
700,lee electrical limited,Specialist,3125274157
701,robinson plumbing organization,Supervisor,7028737425
702,martinez services llc,Nurse,3104666784
703,clark motors corporation,Specialist,7028549823
704,miller engineering limited,Supervisor,7131354906
705,davis electrical corporation,Representative,7132151491
706,smith restaurants incorporated,Customer Service,3127379058
707,allen engineering incorporated,Sales,4048330637
708,white plumbing limited,Customer Service,4152393095
709,brown motors corporation,Director,4154616099
710,jones electrical corporation,Travel,4158906052
711,lewis electrical incorporated,Physician,2124109330
712,williams engineering llc,Sales Associate,4046072304
713,robinson services incorporated,Technician,4152105349
714,taylor plumbing organization,Nursing,9493844720
715,jones restaurants corporation,Sales Associate,2128656628
716,garcia services incorporated,Driver,7138700200
717,hall plumbing corp.,Sales,4043912462
718,jackson services corporation,Engineer,3051661488
719,martinez restaurants organization,Truck Driver,2022967005
720,lee electrical company,Supervisor,2025364376
721,allen services group,Sales Associate,3058697754
722,brown motors corp.,Registered Nurse,7139787752
723,harris plumbing organization,Specialist,7023041039
724,harris restaurants corp.,Travel,3122295565
725,davis plumbing incorporated,Nurse,4159000175
726,hernandez engineering corp.,Engineer,7131645894
727,davis services group,Engineer,4046234250
728,taylor electrical corp.,Nurse,4156328480
729,allen plumbing corp.,Associate,4041700686
730,martinez restaurants llc,Assistant,2025644849
731,jones plumbing incorporated,Sales,3054236028
732,moore motors group,Customer Service,3126921612
733,thomas electrical incorporated,Supervisor,4049729650
734,hall engineering corp.,Engineer,2122946048
735,rodriguez services company,Sales Associate,9494766984
736,taylor restaurants organization,Sales,2126753548
737,martinez electrical corporation,Representative,9493822844
738,hall motors corp.,Sales Associate,2026355463
739,williams motors group,Specialist,4042627265
740,robinson services group,Assistant,4153195510
741,young services group,Sales Associate,7021490977
742,moore engineering company,Sales Associate,2022639629
743,rodriguez restaurants company,Registered Nurse,7029222720
744,garcia plumbing limited,Sales,3104404106
745,king services organization,Supervisor,7025517871
746,hernandez engineering incorporated,Registered Nurse,7138069311
747,martinez motors organization,Technician,4151698919
748,martin restaurants group,Physician,7021907221
749,harris engineering limited,Engineer,4045230592
750,taylor plumbing limited,Director,9498419288
751,martinez plumbing limited,Associate,3126927411
752,hall plumbing company,Director,4159031386
753,taylor motors company,Nurse,7133830956
754,hernandez restaurants incorporated,Truck Driver,3129442318
755,brown motors limited,Physician,3059943667
756,martinez services organization,Associate,7028590673
757,taylor plumbing corporation,Technician,4158400684
758,williams electrical incorporated,Truck Driver,2124508760
759,davis electrical limited,Nursing,7135626119
760,thomas electrical group,Customer Service,9491406884
761,taylor services corp.,Driver,3054275046
762,martin plumbing organization,Truck Driver,2126911284
763,hernandez motors organization,Associate,9493996833
764,williams motors corporation,Travel,2023280385
765,williams services corp.,Analyst,2123401210
766,thompson electrical corporation,Engineer,4155921375
767,miller electrical corporation,Engineer,2125329628
768,walker engineering limited,Engineer,3107335468
769,johnson services corporation,Technician,4155744615
770,clark motors limited,Nurse,3055656377
771,smith services limited,Nurse,9497972278
772,davis plumbing llc,Director,7137026139
773,robinson motors corporation,Nursing,9497191069
774,hall motors organization,Director,7134815601
775,hernandez restaurants company,Manager,4043398177
776,robinson electrical incorporated,Registered Nurse,7025685862
777,moore plumbing company,Assistant,2121448002
778,clark electrical incorporated,Registered Nurse,3105401844
779,harris restaurants corp.,Supervisor,3128928376
780,williams motors llc,Nursing,3101624292
781,hernandez engineering company,Associate,3127887271
782,miller electrical company,Sales,3052940036
783,martinez restaurants corporation,Assistant,3126358143
784,jackson motors company,Nurse,3104171901
785,walker motors group,Sales,9498311881
786,clark restaurants incorporated,Assistant,7139698173
787,king electrical company,Specialist,9496600544
788,walker services company,Engineer,2022376405
789,anderson plumbing organization,Registered Nurse,7026151845
790,garcia plumbing limited,Physician,3126872425
791,davis electrical company,Sales Associate,3058130841
792,miller plumbing limited,Analyst,7133140243
793,garcia plumbing organization,Travel,3053526647
794,moore engineering corp.,Truck Driver,7028143671
795,lewis electrical organization,Sales Associate,4157396544
796,martin motors organization,Nursing,3109481166
797,williams services organization,Manager,7021816276
798,smith plumbing company,Representative,9496136370
799,allen engineering corp.,Travel,2027820411
800,king plumbing organization,Representative,9497567363
801,davis services corp.,Registered Nurse,4041722083
802,davis services corporation,Technician,2029352192
803,jackson electrical corporation,Registered Nurse,9491654892
804,martinez engineering group,Truck Driver,7134210759
805,thompson restaurants corp.,Specialist,4155275623
806,harris motors limited,Associate,7026020653
807,jones engineering limited,Sales,7132544201
808,wilson restaurants llc,Nursing,4046618607
809,jackson engineering group,Sales Associate,9493285030
810,jones services corp.,Analyst,2026549734
811,smith services incorporated,Truck Driver,4154712802
812,davis plumbing organization,Travel,2027983325
813,wilson electrical corporation,Nurse,2029482463
814,brown motors group,Representative,3129136198
815,taylor restaurants limited,Driver,7029538291
816,johnson restaurants llc,Analyst,3058998307
817,taylor services organization,Registered Nurse,2023399567
818,taylor engineering corp.,Physician,9499610971
819,allen motors group,Nursing,4048261093
820,hernandez plumbing company,Associate,2125746032
821,johnson engineering company,Assistant,7027807894
822,white electrical limited,Sales,4048986480
823,anderson electrical company,Nurse,3103790264
824,white motors organization,Manager,4157056312
825,hall motors group,Engineer,3128359623
826,lewis restaurants corporation,Travel,4151023226
827,harris electrical corp.,Specialist,3056392764
828,wilson motors group,Nursing,2023179468
829,wilson plumbing llc,Engineer,2121924269
830,thomas restaurants company,Nurse,3056813325
831,anderson plumbing limited,Specialist,7022138839
832,garcia electrical limited,Nursing,3123838504
833,jones engineering incorporated,Driver,2129355829
834,robinson engineering llc,Associate,3057486160
835,taylor engineering group,Associate,7137155810
836,taylor services corporation,Specialist,2128651452
837,taylor engineering llc,Sales,7138996995
838,harris electrical group,Manager,9493991876
839,brown electrical llc,Analyst,4153017253
840,clark engineering organization,Engineer,3124312340
841,wilson electrical incorporated,Nurse,7025192358
842,anderson plumbing corporation,Assistant,9498384872
843,hall engineering corp.,Representative,4154551223
844,jackson engineering limited,Sales Associate,3126413440
845,jones restaurants organization,Assistant,2122659869
846,lewis services limited,Engineer,3059089300
847,jones restaurants organization,Technician,2128953116
848,hall electrical company,Engineer,2025319765
849,taylor services group,Associate,7133540439
850,martin motors corp.,Nursing,9493483383
851,walker motors incorporated,Engineer,9499948800
852,jones motors group,Supervisor,9495576174
853,martinez plumbing incorporated,Manager,7137571202
854,jackson electrical limited,Assistant,3059049734
855,brown plumbing corp.,Director,3109664062
856,martin services company,Customer Service,3125215214
857,moore engineering limited,Manager,7026951349
858,rodriguez electrical group,Sales,3052502334
859,jackson restaurants organization,Nursing,9497223215
860,taylor services company,Truck Driver,2024788323
861,young motors company,Assistant,3051916053
862,thompson plumbing organization,Driver,2021534216
863,young plumbing incorporated,Nursing,2028793395
864,martinez services group,Specialist,3109032064
865,jones services group,Engineer,4047509873
866,williams services company,Assistant,9491812017
867,martinez restaurants organization,Director,9492911325
868,garcia restaurants corporation,Technician,3102967006
869,taylor services llc,Sales Associate,3102009241
870,williams restaurants company,Travel,2129450024
871,martin plumbing corp.,Truck Driver,7024104743
872,allen plumbing llc,Assistant,3058938588
873,lee plumbing group,Representative,3122934852
874,jones electrical company,Assistant,2026375874
875,thomas plumbing corp.,Registered Nurse,3104606656
876,robinson restaurants corporation,Supervisor,3056325896
877,wilson restaurants llc,Associate,3058103671
878,hernandez motors llc,Supervisor,7136721304
879,thompson restaurants limited,Nurse,4156197542
880,thompson plumbing limited,Assistant,3107789082
881,anderson restaurants corporation,Representative,4042189563
882,white plumbing corporation,Travel,4046577950
883,young electrical group,Representative,7136380730
884,moore electrical corp.,Representative,3122878572
885,lewis restaurants limited,Nurse,7027277797
886,thomas engineering llc,Engineer,7029127879
887,lee motors limited,Truck Driver,2128480980
888,lee motors incorporated,Sales,2027350750
889,allen electrical llc,Customer Service,3123854147
890,robinson plumbing company,Nurse,3108723126
891,anderson services corp.,Customer Service,3052996514
892,harris motors corp.,Manager,4048659835
893,davis services organization,Sales,3053012608
894,garcia restaurants group,Travel,3058544294
895,johnson electrical company,Nursing,3101512681
896,harris services organization,Specialist,3054073479
897,jackson motors llc,Sales Associate,4154862130
898,thompson services llc,Associate,2126395147
899,miller motors llc,Truck Driver,2127130098
900,king electrical incorporated,Analyst,7133359332
901,thompson plumbing corp.,Engineer,7023597200
902,brown motors incorporated,Sales,2026403884
903,thomas restaurants limited,Manager,3058168076
904,jones plumbing group,Driver,3109950671
905,clark electrical organization,Sales Associate,4153301757
906,martinez services llc,Nursing,2128794331
907,harris electrical limited,Assistant,2028514468
908,anderson services organization,Supervisor,4043200225
909,hernandez services llc,Travel,4047757540
910,white engineering limited,Director,3057080248
911,moore plumbing group,Nurse,2025670577
912,moore motors group,Physician,3058175439
913,lee services organization,Associate,7025563271
914,taylor services group,Sales Associate,2127560950
915,hernandez electrical company,Nurse,3125785235
916,rodriguez motors organization,Supervisor,7027601217
917,miller electrical organization,Specialist,3052570036
918,hernandez electrical organization,Nursing,7131118324
919,hall services company,Supervisor,7022100673
920,clark restaurants llc,Director,3058963744
921,anderson services limited,Representative,3101994361
922,thompson electrical limited,Supervisor,7133367125
923,robinson electrical llc,Supervisor,3102131623
924,thomas restaurants llc,Director,3109984662
925,martinez plumbing company,Technician,4156133369
926,allen services corp.,Supervisor,3058283625
927,allen motors company,Sales,7137149535
928,martin services corp.,Supervisor,4154310604
929,jackson electrical corp.,Analyst,3058935050
930,young engineering organization,Assistant,7132134009
931,miller electrical llc,Director,2123099351
932,johnson restaurants corporation,Representative,4157787813
933,lee engineering corporation,Sales,3058772868
934,young engineering incorporated,Assistant,7139834577
935,lewis engineering group,Director,2029752154
936,lee restaurants corporation,Travel,7136413156
937,garcia engineering corporation,Representative,2028062147
938,harris services limited,Engineer,3109877580
939,miller motors corporation,Physician,2026465546
940,miller plumbing llc,Specialist,4048370421
941,lewis restaurants corporation,Manager,3109217065
942,brown services limited,Supervisor,4151711711
943,harris services group,Physician,2124443836
944,brown restaurants limited,Analyst,3109012913
945,taylor restaurants llc,Director,4151405636
946,king electrical corporation,Nursing,9497385884
947,taylor engineering corp.,Nursing,7021219238
948,lee engineering corporation,Representative,7022523433
949,white plumbing corporation,Technician,7025974890
950,garcia engineering corporation,Customer Service,3103479751
951,lewis engineering llc,Analyst,4046286245
952,wilson electrical organization,Associate,9496752840
953,moore services group,Representative,7023729702
954,thompson motors corp.,Supervisor,3129729584
955,garcia plumbing company,Representative,7139263363
956,taylor electrical corporation,Customer Service,7138865833
957,rodriguez services group,Registered Nurse,3129951889
958,king engineering limited,Customer Service,3105238416
959,brown electrical group,Director,7134717923
960,williams engineering limited,Specialist,3126668369
961,clark electrical limited,Sales Associate,2029105508
962,young electrical limited,Manager,7133115369
963,moore electrical corp.,Assistant,7021401637
964,young engineering group,Supervisor,7027197753
965,miller services corporation,Director,3123657577
966,rodriguez electrical company,Engineer,3056078713
967,white restaurants llc,Engineer,2029452050
968,young motors organization,Customer Service,9498828207
969,lee motors corporation,Travel,9491666572
970,johnson restaurants limited,Physician,2021418165
971,garcia plumbing corporation,Director,2127653572
972,rodriguez engineering organization,Director,3128835981
973,allen plumbing llc,Engineer,4151193853
974,martinez motors organization,Travel,2028425124
975,white services incorporated,Representative,4155453510
976,white services corp.,Sales Associate,4041088673
977,rodriguez services limited,Physician,3107434910
978,hernandez electrical organization,Manager,2124616272
979,martinez plumbing llc,Specialist,9491946739
980,walker services corporation,Truck Driver,2022640464
981,lewis motors company,Physician,3123829952
982,thomas electrical incorporated,Technician,2129814749
983,garcia motors company,Sales Associate,7131966525
984,taylor engineering corp.,Nurse,7027557792
985,clark plumbing corporation,Manager,3103398321
986,davis services corporation,Specialist,3052523520
987,walker plumbing llc,Nursing,3106063500
988,martin motors corp.,Assistant,2125641030
989,miller motors group,Physician,2025041800
990,anderson engineering llc,Travel,2123425133
991,smith electrical corp.,Nurse,3121686980
992,anderson plumbing organization,Truck Driver,4157181210
993,allen services company,Truck Driver,3107863623
994,thomas engineering corp.,Engineer,7135035977
995,white plumbing corp.,Technician,4151275275
996,martin restaurants limited,Associate,2127187285
997,smith electrical group,Representative,4153729107
998,hernandez engineering corp.,Customer Service,4155342177
999,taylor motors limited,Sales Associate,7021580399
